index,target,amountRaw,amountDecimal
0,0x0066bf82d1BC5238B5651595e184f20C6522a04B,1179803273471700420828344,1179803.273471700420828344
1,0x00E126d9723Bb6133bdfdf11dD19bbd444718536,191760205493135877482852,191760.205493135877482852
2,0x016311EDC15b3964dB73416529650BF2aeAdBd25,4737908334839738803172,4737.908334839738803172
3,0x01C1BCe151C47dCD29037B6723B4acF0eDD26970,146317825488495194579524,146317.825488495194579524
4,0x01fB473E371A546021BA53c0588F04293Ded2101,235536000000000000000000,235536.000000000000000000
5,0x02B4058eDaB6125045B65f5734A79399934EB86d,10570407601641312452716120,10570407.601641312452716120
6,0x02dd400392Db31Dc3ea5Bb910c986c51D90a2001,7041720775519538980861466,7041720.775519538980861466
7,0x030582ceccb1d1F33A2b5B62AA97C1ef11374C87,42279931997284080081129,42279.931997284080081129
8,0x03dF40F690A55986A8FC88ad19eeCaAf229c248D,46107582991337994807257,46107.582991337994807257
9,0x03Edd76C30398a47B61857138D1197Cad32Db02f,761963393426232282602656,761963.393426232282602656
10,0x03FDef14113fFCe886A4B61FA08A0C747E87aA96,7783533941174314228374328,7783533.941174314228374328
11,0x04B436555Dc69Ea4Bf8BA50d8C591E60443B3fF9,576149036745802235520010,576149.036745802235520010
12,0x05F70ac31057924F8aB5bD9C2FF8A511497371B0,7394128267650193379090252,7394128.267650193379090252
13,0x07343Cf9331a7C79C809Ad358B0b7D2D83e871b6,768982994520728679591831,768982.994520728679591831
14,0x0aCE0D1610B4fe70c282396DcbCAA43F9A52CF2D,1100000000000000000000,1100.000000000000000000
15,0x0C49418D2074579E8843d2b556eB89aAAc67d7eC,1121382663745078498265517,1121382.663745078498265517
16,0x0Ea4daC04898b55E3396B7E5BcA1CCca5AB62d7d,6050485734074150832641689,6050485.734074150832641689
17,0x0f06A7BD1C8fF21B6C197f26cc19006d26F882d9,3138671080931344573628655,3138671.080931344573628655
18,0x0f297a399D385AeB60Ca378C27Fd42082cC5C841,1681743698837813557699245,1681743.698837813557699245
19,0x0F9a7a53B36DAF1F52fE7A616ea4b25C532d2fd2,7460231244727334714831335,7460231.244727334714831335
20,0x10b9D7Be1e79eA681Facc778a4D02f8f3217610e,123305660001479051949063,123305.660001479051949063
21,0x11003f59FEf008aa0A9380E9DDdC3A46351B4Dd4,688316162198590655902971,688316.162198590655902971
22,0x110337b57a2A00043AA7b5e8dF4f87AA558F4BAa,713644664342216165599045,713644.664342216165599045
23,0x11564Fd96dF2bDCD11326e070Ea6bb54d9951fc8,342802214580492417186377,342802.214580492417186377
24,0x11778175533E0eeb523c6AB4E2Bb0A4962ca90b6,10951180471410974470390,10951.180471410974470390
25,0x11De370c804DeB36AB79403F164dFA24F76e5c7A,90322454180987214091428,90322.454180987214091428
26,0x125f76e49889a00F0213948f9f9d3AeB17b6627B,2984685715717456730677073,2984685.715717456730677073
27,0x12aF4F24c30Ae4FfF17F997b913A443a45eb5ae6,13132139315038611763619987,13132139.315038611763619987
28,0x12Bb0Ab73B5149645580f542dfC3C403Bd0a0cfd,1043891439743491502863844,1043891.439743491502863844
29,0x131bb0a3DEFA4DEe1861c8d3fC486F61c769D7B3,14582776452027095319917009,14582776.452027095319917009
30,0x13ec86DC7971e45067BB6cAA3fB9334C91709E16,288098556779194358669891,288098.556779194358669891
31,0x1594412AB222A7079098C265B17807eAFe8A3CaF,393473750221045727001614,393473.750221045727001614
32,0x15eAfc29816B34FB8B15dc6727a26DE4c4CB2df0,5070860767424953462219706,5070860.767424953462219706
33,0x162277F7e858eccD83813Aa4D9417DE5fd3f2b72,884371857527735458350832,884371.857527735458350832
34,0x1664dcB1539a3Eb2157fa8D955903A0c841EF1b1,6257061572934099612925,6257.061572934099612925
35,0x16F554beb6c4F08Ed4c29cef13DCeA56A153999A,16211534990707644404114,16211.534990707644404114
36,0x16F5EF133d0D15B196A778d22BF1ec56f8f37C05,20000000000000000000000000,20000000.000000000000000000
37,0x17650c8dDbd4556A0B651bF7fa7cD449076cABB1,57632006826128325474948,57632.006826128325474948
38,0x17fb03925aCEC7A799022ad5e268d2F27E9748b3,10000000000000000000000000,10000000.000000000000000000
39,0x1847Dc422b9DeA349e8Af7d02CB3A136CD81F441,864411343074343182376397,864411.343074343182376397
40,0x1927a547963A39813bD2Ab2982F08B469CFdD62A,3479758114560098573222473,3479758.114560098573222473
41,0x1944D7A35fDE8A866357048E4082d2B06884F5ae,3922253207747337211970203,3922253.207747337211970203
42,0x1Aa693723350a596C700e8Dfa5195aC86e2a5177,129567385464137263676063,129567.385464137263676063
43,0x1BA1EaC0C322d856D6F8a71Fd6b0E63de6f296AD,1260238895944928292165,1260.238895944928292165
44,0x1c0cB4Da14271538b73Aae73518C82B4374916De,38737673345135850597597,38737.673345135850597597
45,0x1D2aE9C55Dc8BD75B157d9F786D143A3dA962854,407885078583913332655967,407885.078583913332655967
46,0x1D9774d948A9fBa6520b1637A712756a72593455,4739824698420910636744396,4739824.698420910636744396
47,0x1D9E67c1E9c418F8fcec4Ef92Da0b065f4727beA,349655764700805031095338,349655.764700805031095338
48,0x1E540Ae9A8D796F95571BE8CAb69B725489eEe1c,1000000000000000000000000,1000000.000000000000000000
49,0x1F333Aab7eb533b77da4b8989724708449D554BA,133884643559466424397400,133884.643559466424397400
50,0x20C80D578d2c387f8f32D04FDEA137F4144F27aA,12453871913232192230249089,12453871.913232192230249089
51,0x216cb733f318C5375C50e126885bf53d1534A286,251099915638990059932273,251099.915638990059932273
52,0x23c34FcC14a8577B60d19BD3e01a21d232d46F83,10695983046915402243368741,10695983.046915402243368741
53,0x2445B827b6C43Cb14BD833D0B3a1be5b0B75692D,95296842719843856811598,95296.842719843856811598
54,0x24d30dE4e1d467b36b634Fb8168D92F58bddB92B,100000000000000000000000,100000.000000000000000000
55,0x24D940fc84fA9b37D523211DeF4F1A74b44ABDd8,3968668731512767036427634,3968668.731512767036427634
56,0x25E04a1b0f44A4C3C89fedcc0c0f17E3476c21fb,3995146026500668364596718,3995146.026500668364596718
57,0x263aB4F25881bc4aDa3DB06895e400D3e268fdcA,113977062416053149916863,113977.062416053149916863
58,0x2713aF41eC0DBb10BB9cEC33800A4c11CAF839DC,924396269557093713395518,924396.269557093713395518
59,0x278fCf9aeB1Ac68f4439b9fF44e9b26222D6F082,1015408812261943374075796,1015408.812261943374075796
60,0x27B97F58459F3a27b4D77E549b06CC36F773B033,464747832141968012060665,464747.832141968012060665
61,0x2839e37Ed3eB4d4edbc11Be1E3E5ec1ACf754BD7,2294087454663750546073431,2294087.454663750546073431
62,0x288c3EAdFdbef55ac51fed48272c757a899D5045,1234912695741747381014300,1234912.695741747381014300
63,0x29614304c4a15657019d1F249EB36C0E0898b123,1127396446560533047578519,1127396.446560533047578519
64,0x2a106Bba4eE3e3BceB075b6BA93FeA3E880Eb447,544539167058119911262471,544539.167058119911262471
65,0x2B2b9Ff9B314a72F911a2132385D96D2F4b061d0,6453957977333809987749,6453.957977333809987749
66,0x2bC3F4A4E38a28EaF2B683A9DA47dce7b38ad157,1230521953075848836142268,1230521.953075848836142268
67,0x2ca4E59F2348Ef0E33271d365ad5a6D168D9e795,91382073923552598668181,91382.073923552598668181
68,0x2d090F2A84Ea84C0fEeAfe05d7F6F4B33a8a62Bc,3000884307977091737949897,3000884.307977091737949897
69,0x2da036704793d2B95d2752bAc23258A91479a1b3,13132139315038611763619986,13132139.315038611763619986
70,0x2dF4450F08A8E54FdCcd5738D39AFD45Ed577EEc,126292223750135148579808,126292.223750135148579808
71,0x2Ea793C89E91C6cf7C18ffB817fBE4C19dC1c1cf,376503361071916566916669,376503.361071916566916669
72,0x2f03fF769D645a7567e6B272Fd12092dC4619f70,2588535353237865530652019,2588535.353237865530652019
73,0x2F85fB2A2d54F30ac38148166b75CE22c3C15b43,8100576056720093213180946,8100576.056720093213180946
74,0x2FE43854b3D49a2108ea3B7eFB4dA1DCdd5Ca531,101660298050103117280722,101660.298050103117280722
75,0x30a912d2dbb4Faa7129f653FE9F2D6FA52A3b95e,31749707279173519527294,31749.707279173519527294
76,0x30Fa6043cde24b079EeDa2945a98f37C08f9cE8D,803423703872527373337195,803423.703872527373337195
77,0x31481ae1A7A6BDA6738D6d47220c6948639e7d6D,5054162659817777838005671,5054162.659817777838005671
78,0x31924CC884EE8432A0fE866eD8929B29D5d72071,243274287069115548709873,243274.287069115548709873
79,0x33B6B740575D18585A3a4Ad1A79af380b747c577,11053097882940384504427116,11053097.882940384504427116
80,0x35F51dBAF773D579e8d3c2E70e2c908a4A02bE33,3953819012263410797246195,3953819.012263410797246195
81,0x38fC02dDFD5E39136b170e807c324ACe4180181e,4711112474528005110802726,4711112.474528005110802726
82,0x3970939c7AD2374600BBEe7ccadFAEd78DE9d66E,680256808306322013148353,680256.808306322013148353
83,0x3A8173cB3b6D6E02d849Ce280DA129D91AA9E68c,59917818911130179133388,59917.818911130179133388
84,0x3d3c0cc20a908CDb0EA140B8bc09c3cb2C2eff19,2127400261520400389610132,2127400.261520400389610132
85,0x3Ec70342780Bd98bDed1008883f31DE1e8E8B9E1,239518946282116546303133,239518.946282116546303133
86,0x406B528A2a7AE067b632486F6574BFA307B2FBb7,604133090027050001016995,604133.090027050001016995
87,0x4119cc4cE313F77de86c5BA322759634904e207f,156589003829945117527051,156589.003829945117527051
88,0x412b9305249Ccd0b5BFF8483429E6c9F1BBAF25C,21209855471783152782001,21209.855471783152782001
89,0x416759C9F879A17b0DB1A51Fc11387a526d8511f,380293358153833060726377,380293.358153833060726377
90,0x4268DDaC7A8Fd4986785FF4E61bD37eFAa0c40b2,216779796797888460874656,216779.796797888460874656
91,0x43FB99C5Bc88c9cFE4D67aBDAe0fb0a152899702,735784931841153395790296,735784.931841153395790296
92,0x45f44E8cD53630235D27BCA94fe24fF069C8Dece,1438600545680577941082534,1438600.545680577941082534
93,0x460c08B6907b9cc229bDE013c38a88314B640192,438135827605934211391068,438135.827605934211391068
94,0x46523F4E792E30A266d9b29469076a1695f17081,971824740711856148436282,971824.740711856148436282
95,0x47dE01191dBE710786A58286651f516424Aa415E,3230000000000000000000,3230.000000000000000000
96,0x47E1f80c98e2DB6Ae6319CEE060dB025Fb87ebB7,476778816776705395298474,476778.816776705395298474
97,0x4866E7bc142315c31648504535afF02D297C74DD,310720023439031126430490,310720.023439031126430490
98,0x489096E2C2e18bEe8FC92bcE63088815893d5A62,56766453490988623124595,56766.453490988623124595
99,0x4957f49620AFf3Adbbe8195a4f633E49cc93376c,13141994337622765854877,13141.994337622765854877
100,0x49cfFFdaD5f12DBf7638604F5bE2D85EB379de96,22841685872921120026070,22841.685872921120026070
101,0x4A86Bf18bfa222665e1C0A5f2054F65C59f86537,114422589648872765158836,114422.589648872765158836
102,0x4B364aCe475F608649af4Cb6654201F75F11ECd7,524291637186531225063282,524291.637186531225063282
103,0x4b75DFCb526369b107b74c8d046f92ef58D6d725,150072805320082029282067,150072.805320082029282067
104,0x4Ba3a02216257d8894EB05f951D1a5771C433209,4395390229828450700262061,4395390.229828450700262061
105,0x4c908379BB12740Aa6E673dc641deBdD542fd57C,2080170424240433668200705,2080170.424240433668200705
106,0x4Ce1cD6262ac937283ac7996CB135969857A13e5,5570571835043330043199,5570.571835043330043199
107,0x4E4db3A4C6b0CBc2A49FaaA3a4d67f19b6256247,4324374119669062255802589,4324374.119669062255802589
108,0x4ee9798d2B663d8499a9E2FbfA492606E006b6Fd,4787742335525777253595,4787.742335525777253595
109,0x4f1fE38837A1D68E1e77F1F885D575De8F4Fa821,914693817850338755257384,914693.817850338755257384
110,0x4F2EBde17C783aBd5B646cd2c1C56Ab6f40C6916,1882419640999615838493810,1882419.640999615838493810
111,0x50b9decED6a517a45dEf22087B97215C15f4A6DA,1000000000000000000000,1000.000000000000000000
112,0x51738c512e4DB6068856B7aD9241b0E2AeD33777,11189839000000000000000000,11189839.000000000000000000
113,0x51D2012328929A1cc2FF73Cf925C562A8f27C154,50910730000000000000000,50910.730000000000000000
114,0x525e9F7f1A1D422378887B7B1994D0fdfE5C4cc9,103421744118740863229780,103421.744118740863229780
115,0x5290e3d2B967C046de5CA29eF806c3287cCeF01b,1635126014742825904793028,1635126.014742825904793028
116,0x54E8B3ba0E123aFB71a7A92c665F010da8Ac0Ca6,23439977083939223356685484,23439977.083939223356685484
117,0x57A682117f878C25Ed6bD49DFdcd296aD7E62c23,11788127555453946120067110,11788127.555453946120067110
118,0x57aACe385e63fccF0603180f66E0D9D3D0E3E5F0,10000000000000000000000000,10000000.000000000000000000
119,0x58C5fEa7430a5dBEAf5FE25e5E5E7d33D7646642,31455400927416207807503,31455.400927416207807503
120,0x58FBaC0714A77A30b266776616d93911e36d363e,269841430888611720058852,269841.430888611720058852
121,0x5aD0E50cD05d119755f7F38b8003529E5DAbd855,9332323903814209258663,9332.323903814209258663
122,0x5b97D269f88808542d50A7c8483D8B00363E3582,120773380883367503143501,120773.380883367503143501
123,0x5Bca4075dFC8065235cF75C6b15B410e62845Fec,583380011049305134124060,583380.011049305134124060
124,0x5d2860298bBAAF4F3E1fbCe014360A789Fd3F4Fa,575391116449191137191024,575391.116449191137191024
125,0x5d2f3b43e2B40c10Cf4a20e7b623744f84bb0332,831083569120181088916840,831083.569120181088916840
126,0x5E81d646c7c650B5724b11c86eD08c8fC6095A22,2378438969068164001828282,2378438.969068164001828282
127,0x5eBD439D220af29f4df96B7CbDDb9c6831549D0b,135779518687864467219195,135779.518687864467219195
128,0x5FA7a7a0bFc08b44Edca6fc20006B9565c470777,1128937206319230478560867,1128937.206319230478560867
129,0x60342Cf272C6d66EE2CC5a5143fE9FB069F06AD3,506802327872430440632465,506802.327872430440632465
130,0x60ebF5BeC9f519A684e38bB719BECdA392085E91,332969446042492371007553,332969.446042492371007553
131,0x640F76e37630Cbe2a3C4e5b3A5e78577EdC69B91,214144930075371774371182,214144.930075371774371182
132,0x653786Ca717d46c5c7DfB85e7Ad6fE41Dd46A957,4603031092052461729029509,4603031.092052461729029509
133,0x668447a692cdc6a7F1440634513457eb16D6AE97,4044186335892287763246139,4044186.335892287763246139
134,0x66B7869EB8A5d537d6E7091F4331dd4CFc871Cd0,5519311618197048428879,5519.311618197048428879
135,0x697DC39Ca0C868a2c37AecC89cbFfefF84A7eb6e,103301516051721142304240,103301.516051721142304240
136,0x6A2707Fa22439df6CD7529c52299F2B6CF9B0559,7952587749905866630218062,7952587.749905866630218062
137,0x6a607C0Ae095399FDA40812A3a7E6064faCd2Ee0,3970624260270684579430118,3970624.260270684579430118
138,0x6aE8afF5af0E07d2B32610BAaEd7536FAf1AAF76,13132139315038611763619986,13132139.315038611763619986
139,0x6b06FD0181285Dd1BD4b3cfacE9E4a6685DE0C1a,477690374884679313244061,477690.374884679313244061
140,0x6cB0885251A1deAb7D663852fD101a2471bfCD38,127426443337820903605689,127426.443337820903605689
141,0x6Da031eb2289153b7f622b54671315A15D898faE,9957056713267841799912194,9957056.713267841799912194
142,0x6dB436C9857E162f476fc520C9fc0e18f85316bD,173952235327030929278327,173952.235327030929278327
143,0x70432528a370aC39823358DC0c714bf5A4d434b0,150000000000000000000000,150000.000000000000000000
144,0x711281C1b26AaEd86E40e4cAaf76c1962B45E161,6803372206941264306728831,6803372.206941264306728831
145,0x728aad5445E7a1727b67B5b30Aa153f5851ae274,4816132443141975377385196,4816132.443141975377385196
146,0x73547bB64c791827d5d09B9864345De5E6e316FB,13132139315038611763619986,13132139.315038611763619986
147,0x73c121D572E065c8B6FA6aCeC6B40DefFB62E1dF,17722507040808193693846419,17722507.040808193693846419
148,0x7408340eCFe1e5d285857f1AE26dc4c0eF910C69,278033783402852727645973,278033.783402852727645973
149,0x741e50E39021D0F8e3d66BFeBe996D618b9c967b,5000159858772878299727734,5000159.858772878299727734
150,0x741eC044Bfab0447c61d775A467c4aedab13F58A,100326210762487065796726,100326.210762487065796726
151,0x750e8FCE838fa7Db0e15e2732f2733e989102181,2755009002160185272258866,2755009.002160185272258866
152,0x75Ad5328a6501F14410911bBbFf1dcdc916b92F1,392940857036383194357194,392940.857036383194357194
153,0x75cDDf75972a3F825FCAa2Cc50de8CA011194ED4,4221261978833261398142410,4221261.978833261398142410
154,0x76C914796d4C213Ff881e026Eab5AFE3299Af8Fe,1393232493213691599050751,1393232.493213691599050751
155,0x779F37C9A5C59ef07c5EbEa9bbB2fA2FDD3dc1f6,484384427307354370651375,484384.427307354370651375
156,0x77fe689B5775666Eb7Fe9Ec95Fb0b56058dba93a,1219382700805459738952463,1219382.700805459738952463
157,0x79A92c0Adbf4A86318398da1Bc9CF824eD4d93cE,42055291192976193416519,42055.291192976193416519
158,0x7a44834D4dEC3F21a341dE51365fDefdD41faA98,357258118697889870340862,357258.118697889870340862
159,0x7b0b305AD9eB29ab520efE5D2f746d6EFb8F1094,163457022808265882083314,163457.022808265882083314
160,0x7C2809F12f1Fb4603663843595325CfA299B87d1,10318000000000000000000,10318.000000000000000000
161,0x7CA6d3f2e6C28EEf823CCc51276B61385930BBB2,283382321867302292446937,283382.321867302292446937
162,0x7CBbbE190BBa4cb41Fbd6a8B1dAeA9cf1f6CC2Cb,1003662155287492314592674,1003662.155287492314592674
163,0x7e519740A47fcAe24ae904EfdA8B4df71a637750,11350703734949994317538890,11350703.734949994317538890
164,0x7Ee9528965a14CDBF512630651d6b8458B51365F,624361513959889437025326,624361.513959889437025326
165,0x7f49a9e7C956035319F0F84E6d00394501906AB9,79235307084139852157029,79235.307084139852157029
166,0x80BcF4D166A036d220f8fFFb626035aFBcB0f471,39312371021783144059389,39312.371021783144059389
167,0x80C564a0999d7349A618b8161f96a52f778bb11C,186998627447509522488403,186998.627447509522488403
168,0x813728792c65E1Bd3943BA6010EE8722a89B0e26,816639150128901034259922,816639.150128901034259922
169,0x818d1b45A6E6bFe6Cd5BB662B76361C3c7Db72A8,6284114262779135807130558,6284114.262779135807130558
170,0x81e7e0D329CCF00B7EBfa3Bd22a50F27A7B3d775,7369761817968403332404215,7369761.817968403332404215
171,0x829fa223EDdB1270549D4d93e9504E7eFE18c0AE,25555078360906065082515,25555.078360906065082515
172,0x82A23D4f280d7fCf883A17082A6156D2CaEBb889,13132139315038611763619986,13132139.315038611763619986
173,0x82E159d63E585067E9FA3a4BBA7d992fBC667751,4040884424334816435403644,4040884.424334816435403644
174,0x82fC58011D50bfda0Dd10bbeCAB41803A7758939,16607736188233906094033983,16607736.188233906094033983
175,0x8330707813028106397307797CEdeF302B9307A3,138339973939159617182356,138339.973939159617182356
176,0x849D5c28450Ea803f60dE9Feebd1a14FEFa1e352,997556527856848478891688,997556.527856848478891688
177,0x864676Efd5D4327DA25fb7a10929faE273f6bdA8,4020048385630884604479,4020.048385630884604479
178,0x86aDCe3344E0B7A33aa8DFe80076a2Ce5fAa535B,4740555311407356484894219,4740555.311407356484894219
179,0x8adabd5a62b4002691E301FF21876C6eA9806bfa,105364030243666057149488,105364.030243666057149488
180,0x8D3433d1917D125E30164B794507A8c8331f8E5B,3864426493496034659590000,3864426.493496034659590000
181,0x8dbaC6aA306C92965d85C9aC6648C76D1DC242d1,52302877514678170677966,52302.877514678170677966
182,0x8dD65530b124428Df110826B9A3993fBE67D27f2,8222666321254600780117827,8222666.321254600780117827
183,0x8E638F172217197c1ca1263DaF8AB196f645f548,109111065410915084506279,109111.065410915084506279
184,0x8e68b9f5BF48141284A171eE1Aa829dE9870435d,70002522050075376797282,70002.522050075376797282
185,0x90142730403C87B503C7398e8E1BE447A45bf48B,324586114599768381118618,324586.114599768381118618
186,0x901648073264dB52846Bfdedb4E98B96b48Ae3E9,1978358761710241038835373,1978358.761710241038835373
187,0x91fCe010C0B82E0F89d6ba7115d0F7129930a9A7,1323647102297391796054059,1323647.102297391796054059
188,0x93C58825731b25caa9Ae3aA3196A2a6d6ce2CAD3,5620923112502937934662117,5620923.112502937934662117
189,0x95cC6181f2F3032DCCa3517B6Cf6643128B1b552,489959859270087822562,489.959859270087822562
190,0x96EB6B1B30ce315FF1Acf21E4F29318A93Cf1a5C,4868878581418407748231868,4868878.581418407748231868
191,0x988bE2F85Eb740771068B711ECD0A602F57d3206,407493390599748983611016,407493.390599748983611016
192,0x989A9274DFAD21Ce39B1EeaD7F104911fb104bf5,142631335702832217116815,142631.335702832217116815
193,0x9A3eDD5599De133c1Aae40ae5b13f428Ad76C0F3,6196873022501086472823,6196.873022501086472823
194,0x9Ac02C49a8fA60E00b36D7BE38868848a50F2c36,979774936044933018826782,979774.936044933018826782
195,0x9B934e52987A7dB7c13C2A92F2666A21893689ab,7531427797924831424875,7531.427797924831424875
196,0x9CBB54e06a49529a46B56A247cc93EE0CFB2b27A,1217001580857537401669800,1217001.580857537401669800
197,0x9Ce4Fe68a3FD27d1275BAb0e1F36734FC3503e92,12009586751563606987444,12009.586751563606987444
198,0x9cf687eaCa65e5dA625d3FdE534A73513B0a959F,11097141989942787380882213,11097141.989942787380882213
199,0x9d0400A1F939cA7A66e3756810e1BB2e3Fb23dFc,4999166183081298622716073,4999166.183081298622716073
200,0x9e0bD828C87B66811850b98c1331667BfD545Bb7,1490346771714143076268912,1490346.771714143076268912
201,0x9fbC5fAAfd0FF59ddBDC903b5EA80124Fa1f0270,7213026858588288203347832,7213026.858588288203347832
202,0x9FdEB58d90bD8D6ABF04c0C956Bba72b9d1DB0d4,4750000000000000000000000,4750000.000000000000000000
203,0x9fF1E6e4d6AF7e48F9247435d49277db09cF3EB3,10344931516588959878782955,10344931.516588959878782955
204,0xa0d35354b5D4f40ec82106e349fcB601cD0d3961,3200327086570405211458513,3200327.086570405211458513
205,0xA18ECD40e6041172AF7359BB1BF89eb29c145F8d,487801120133212317766420,487801.120133212317766420
206,0xa1d2386dD5381b887DBB4Fb13283eb9F21F92A0A,1299995347464267018167971,1299995.347464267018167971
207,0xA35e8b99004C9b15EB7aF6e3074f727e29acF04C,85170672092137362160996,85170.672092137362160996
208,0xA44Db311BF4401469D27f251b35928dDDA047bf3,767327170729992214301533,767327.170729992214301533
209,0xA56Ad65b8B29259f765f4aA996630611A3075b4a,294633585576159703489316,294633.585576159703489316
210,0xa5726C91f9D67A14fD6bEdb6BDAb08e234d76D77,98770000000000000000000,98770.000000000000000000
211,0xa5AB762Aee588Cb38D00FF162bba990451De71F3,930512916244385778782949,930512.916244385778782949
212,0xA5c5De680392070E84C555b9758c185B1a509511,45373893645682099963050,45373.893645682099963050
213,0xa64c6369C0d4c61AeeE1f8997bCfB4022F2C614b,1796526448938606751291692,1796526.448938606751291692
214,0xA65217eCa1743932AbD90c6C1a1b0D5e3eA99432,400000000000000000000000,400000.000000000000000000
215,0xa6Bd884286F0D0b492d8A39BC3AE0346dBfF82dD,77808415774626378152148,77808.415774626378152148
216,0xa8300ef3BfC56854124D084526E0f9f906384898,33230679703782431505869,33230.679703782431505869
217,0xa94c6057648bd68dB635a975E2d0944a1788b25c,1011997798447357718077390,1011997.798447357718077390
218,0xa988002CDdE8101d214BD3be92364F07dc11Ad8B,6542318887310560479654106,6542318.887310560479654106
219,0xAa950D1CADd39935eCf1a11eb9F44955f21D3c90,10000000000000000000000,10000.000000000000000000
220,0xAbF0df88D9831d092F5FeB55979c49D5c70160a4,1004332467048588404404349,1004332.467048588404404349
221,0xAC05e227172E01b856d7bbDc6Deb85194F8eF510,251405599330863364015804,251405.599330863364015804
222,0xad7e4A24d0352a0266aE68074E209C10229Ce889,14400156531536087117771,14400.156531536087117771
223,0xadDC68244Dc8d059426E9957F065B0841c70F7Af,307223193805546448438500,307223.193805546448438500
224,0xae346B26d04F0E7b40F741679036b2e30166B391,438962440232030804277439,438962.440232030804277439
225,0xaE96D1619371ED0411bE5DBd4ef07499217e0Bfd,191321786408823116393227,191321.786408823116393227
226,0xaecfe4Eff84a1cd9a24ACcc1914aC537Af7f6E1b,19915191820879319716513858,19915191.820879319716513858
227,0xAeDba578B82d1C5c6D07bB1fA9779e26fBCD6849,7774287368594898578198213,7774287.368594898578198213
228,0xaF1048EB24B9e04A87c9d7eCc720D8E960aaC210,5000000000000000000000,5000.000000000000000000
229,0xaf82d1f7df5536b5969AF7319c777890A3CD849c,205015295766199601080503,205015.295766199601080503
230,0xb0d8bF106d303F87073A161B6b2a0F92F3a380Ca,13132139315038611763619986,13132139.315038611763619986
231,0xb0dB3Ab0d60Ce5e838799b9D0f08124309F3994f,130407768919532541203552,130407.768919532541203552
232,0xb11Cdce8e64F7d629d5AAE87C8406ba7Ae2809De,129680506662583813307549,129680.506662583813307549
233,0xB1fE8d7274EFCaD6571F11465709a7dF0521B2A9,1996521940020588962228967,1996521.940020588962228967
234,0xb316cC18a8B5F4aB40c2A56BDdABb1567E6c5f3d,32357798051898729060037,32357.798051898729060037
235,0xB328Ed19Fe637533c28235B7e2c42A873ac58a21,1387654943302709606090115,1387654.943302709606090115
236,0xb33C13c473Dd561820765033bd3e97438bfEEf27,896556683263953729239555,896556.683263953729239555
237,0xB3623D62FF30fadB5B2e127C07cab0D1b0808276,165677976366806680316870,165677.976366806680316870
238,0xb36941C97Fda8A2402b0EC187A23af88E337A5D1,171430846005761052064091,171430.846005761052064091
239,0xb67ca19DF4d2f7E31Ebf4dc0Ff66Fce80280914c,25233631008325756560534,25233.631008325756560534
240,0xB763C48D134E1dc8759542c77636Fe0d7813EC2b,108906813885252943790427,108906.813885252943790427
241,0xB776f85A0eA435d579f82b2CCc117de5a5317D99,650000569002628272871409,650000.569002628272871409
242,0xb84976982964E5a4Ba7357e0fd0f10b92996c487,70695810922592788265122,70695.810922592788265122
243,0xb9ec2dC39dFD4F97d073117A55FA3714b892a4b4,10632190032315523849217,10632.190032315523849217
244,0xBA35dd1744f1747d1551994e58FE26048B7e807e,34377970717284064457837,34377.970717284064457837
245,0xbA7d6C6FA5DB5b76a0e2391c8D473653f8746108,898875364058866163540718,898875.364058866163540718
246,0xBD217fD6B4258f81b6ca1796AF43de63ec51E3e3,1007622039098734199359552,1007622.039098734199359552
247,0xBdcA73476466A84f5e0984e6DE86295D6631d2d3,50000000000000000000000,50000.000000000000000000
248,0xBf88C172657879b1Bf93999A28C9d88B178557Ad,2302754313829173641053730,2302754.313829173641053730
249,0xC27A7eBfc90489CC07174399956F425678b29B79,1645263214651076024299242,1645263.214651076024299242
250,0xc2fEE3E1d0B38CCE292D3fBAceF1F7864f302369,1321010773710999377868429,1321010.773710999377868429
251,0xC3459127EdCE13E0C372c94990C5DB7f2f8f5d50,446693272099324209206183,446693.272099324209206183
252,0xC4754070e018FbCE4AE86a52b71DDb4861737538,400271538827229223265557,400271.538827229223265557
253,0xc5dD2Bbc5AC7b89240C965e548E45E5a56f70E13,31391004428286919286413,31391.004428286919286413
254,0xc6992d685598DD2080d7ed2a29A325C2Bb35D85E,368809599689202757955513,368809.599689202757955513
255,0xC6BDB91b38811C4a3Eb84fd558d80df10EFe2441,253357416199652254166735,253357.416199652254166735
256,0xc75Eb8fF2DE8B03DfeC51dc065A64EE4655d3c53,6600250015805900515433147,6600250.015805900515433147
257,0xC80A5f65FD12cE1166d9902bcAbF38e48E3c2dB3,66000516192784613191489,66000.516192784613191489
258,0xC880ae11d642ee86DeCB4a920ccB708aC5E1518e,616285709641826314537705,616285.709641826314537705
259,0xCa1a2fB7f3179D887504966b25d1606978AdcD42,1776982069857378051715241,1776982.069857378051715241
260,0xCa1A6e5fE34293775fE0dD109d74539b567eEc34,6811932702978901478607,6811.932702978901478607
261,0xcbc14f14eAd8e6Bf57598F16F0C9CEE1C93e6Ef2,9344726558960230206246,9344.726558960230206246
262,0xCc8960B8356f389Ca18352578276d4a0ed25b239,242409101122038570884856,242409.101122038570884856
263,0xce3894Cac73Cc2Daf9CeeEc04096f54EA66Ac378,71979365683841501010347,71979.365683841501010347
264,0xCE79DA0A5402fA5cbcB70b95FdF1BFd36025C142,2500000000000000000000,2500.000000000000000000
265,0xd002f5f6368708FFEC22a969144bFA60Fc113597,105939999855513802765611,105939.999855513802765611
266,0xd057527ef20a2A4dc5c9618287eF875d7672Be8f,3946058105899075671570028,3946058.105899075671570028
267,0xD142c0cC2f707b808060BcBcEb903f6d6D62952f,2411591511193768690868566,2411591.511193768690868566
268,0xD2c0d3C4669E2155EA38a141FB97F2c4dE5FC859,48605915455328731402155,48605.915455328731402155
269,0xd2f0D48Ee0FE3635e58BAa20FfdC6A8A0F1CaAA5,94079329555938190745685,94079.329555938190745685
270,0xd319dB9E8f1064cAd11320AAf3bdC1dcbF4A3E24,2831993118371714337663030,2831993.118371714337663030
271,0xD3b489004434ceDb0C73BB203Ea143a82Eb2bf93,607180000000000000000000,607180.000000000000000000
272,0xD5f6c887Cefe60Fcc3Ac2cF8e884F78Bb4EA8838,7741343023930000000000,7741.343023930000000000
273,0xd64e4e5606B277F425A9c80FfC99a6A11A97FDB5,644848724750310020684325,644848.724750310020684325
274,0xD706550807eD2bC58a06ef649ab0CcC6f1Ab0bD6,26256628102846385585347,26256.628102846385585347
275,0xd7DFbbf26a6087b027DF3547Ea0598B1Ecd954c7,275457101617265857853285,275457.101617265857853285
276,0xDAc618b71F7337c8B663C370feE7b622EdCb2335,85753836123954598885391,85753.836123954598885391
277,0xDC2DD0588c3Cc56D3c52457deC7Bc2647228F67e,5013756060936826598957,5013.756060936826598957
278,0xE14Ad1BACd961EFeBA8eAAFfC408eaC8d224ED7A,6013365098410088151052456,6013365.098410088151052456
279,0xe17ecB3e57e638ab10eAbFeD498837d1C8b4cF95,72132308416193030258274,72132.308416193030258274
280,0xe3021C092075A889C1BFe49a20EFC3DDCc954B9e,402168423166105776837048,402168.423166105776837048
281,0xE3408f3107F4f0Dab55eBcfbED1e521009E90506,2759333762382124858173125,2759333.762382124858173125
282,0xE635dfc74904e3ec71B95Fd3B8b2a7dc5A9870a6,7708133615546732079088295,7708133.615546732079088295
283,0xe734393A9fd9cF8980e3F78D7bc0121E7b8Be961,2346863798710944387981997,2346863.798710944387981997
284,0xE819c83634574A31cDeE3b6e535B802AD3585975,620469315163586734669851,620469.315163586734669851
285,0xE81c8fBDC65AcbA8dF4292FacD0AA5d2fdF36446,195463952804912704169068,195463.952804912704169068
286,0xe85308B6818Ca00E0789Ed3b412B71f03b13f5A7,509215573053898128350,509.215573053898128350
287,0xe8e15cfd8F20365c9AeeF7a81DF5b749d84DAc49,1724846656906155094982779,1724846.656906155094982779
288,0xEc99bBB6137A80c959db44fDCDA5D0ACE324e7ce,296273413040758539775539,296273.413040758539775539
289,0xeDBCD6A05fd63D4aF060d6229aeD1E679AC43f0B,275866776200351731569771,275866.776200351731569771
290,0xeFBEdA27Db1429B8731778154081CC0842F0a81B,232402577038119336931042,232402.577038119336931042
291,0xf23C507316F062F36F1279dAfcE151c854F30044,204208876663540225405773,204208.876663540225405773
292,0xF35896c47599f625328065826DF37B34bb39ED7B,10000000000000000000,10.000000000000000000
293,0xF3609FC08DA97071b0e1F5bC43362310Bc7fa636,4914378273119825825344,4914.378273119825825344
294,0xF3c01A9FC9080684B989c0b992690D9bFa3f1e9e,155272579872276916252342,155272.579872276916252342
295,0xf3dD85D99E625E1D8Ca758d61537077E67Cc4E66,488577414425658419325718,488577.414425658419325718
296,0xF475aA56798f08cB986Ba34B4Ec6C1E170b18eF2,343334243227865047526692,343334.243227865047526692
297,0xf4E861a795993490a24b9e85057B9dE1a4b744B8,10000952695632856145503112,10000952.695632856145503112
298,0xF5DCaFa051318BDFdb6F5A78AD5086b1538322c5,1005712631236153115920574,1005712.631236153115920574
299,0xF703FD64093B50797aBDc9E450632240FA2bA5D4,6956589836595408047429412,6956589.836595408047429412
300,0xF815F70FE2E8878c5eE6693b2d78020e44C0b3a4,11205849372987676973138244,11205849.372987676973138244
301,0xF930DEb33e6E269f91A6445A90DFf8c83BEA1116,8724668514448375229363172,8724668.514448375229363172
302,0xF9470D6eF1907B50ff2CBAdD53BD25cb0c7254F3,3732524705426880152364826,3732524.705426880152364826
303,0xF9cBe0C10e5dAfC88378e18aDEE2E9bE5389dB2a,12315811776198727315656,12315.811776198727315656
304,0xf9ec1eAbcF7152202555bd16Cb787f8Ef52CDCa1,10126771135528657731753948,10126771.135528657731753948
305,0xfB0d8B94027C5109Ae89c5f08B025cc598cf6F49,4226425848711251807620465,4226425.848711251807620465
306,0xFD6e86cf9AECA787CFFB198BCA859d459a44a847,3000000928716554614880939,3000000.928716554614880939
307,0xfDBD4297eD9cF99201aD82E8ec6b8eF69226733e,531713404153151132263621,531713.404153151132263621
308,0xFe9dEa1def2915d0FbEc217996879655f35eA7F7,6583375509487949864952304,6583375.509487949864952304
309,0xFfeC0Df753b6171e8cd6cF3D13d872c012242f00,5668583094937686691414743,5668583.094937686691414743
